{"stats":{"minecraft:picked_up":{"minecraft:lever":2,"minecraft:redstone":5},"minecraft:dropped":{"minecraft:filled_map":1},"minecraft:custom":{"minecraft:time_since_rest":41721,"minecraft:crouch_one_cm":2225,"minecraft:sprint_one_cm":5977,"minecraft:play_time":41721,"minecraft:walk_one_cm":48495,"minecraft:sneak_time":1656,"minecraft:walk_under_water_one_cm":11296,"minecraft:drop":1,"minecraft:jump":73,"minecraft:leave_game":3,"minecraft:walk_on_water_one_cm":22471,"minecraft:time_since_death":41721,"minecraft:total_world_time":51629,"minecraft:fly_one_cm":56489},"minecraft:used":{"minecraft:sticky_piston":13,"minecraft:water_bucket":5,"minecraft:lever":21,"minecraft:leather_leggings":1,"minecraft:repeater":10,"minecraft:dirt":74,"minecraft:grass_block":1,"minecraft:redstone":98,"minecraft:stone_stairs":4,"minecraft:map":1,"minecraft:quartz_block":199,"minecraft:stone_slab":8,"minecraft:leather_helmet":1,"minecraft:leather_chestplate":1,"minecraft:stone":230,"minecraft:redstone_block":2,"minecraft:leather_boots":1}},"DataVersion":2975}